{"cameraMode":{"drawMode":0,"name":"Shaded","section":"Shading Mode"},"sceneLighting":true,"audioPlay":false,"sceneViewState":{"m_AlwaysRefresh":false,"showFog":true,"showSkybox":true,"showFlares":true,"showImageEffects":true,"showParticleSystems":true,"showVisualEffectGraphs":true,"m_FxEnabled":true},"in2DMode":false,"pivot":{"x":0.22656568884849549,"y":2.2302799224853517,"z":-1.6047084331512452},"rotation":{"x":0.3088643252849579,"y":-0.15319396555423737,"z":0.05047981068491936,"w":0.9373313188552856},"size":0.4126215875148773,"orthographic":false}